"category_id","category_name","category_slug","category_image","category_text","category_feature","category_sort","category_status","attribute_ids","category_created_by","category_created_at","category_updated_by","category_updated_at"
"14","Skincare","skin-care","Cleansers.jpg","<h1><small><strong>Skin Care Products Online in Pakistan</strong></small></h1>

<h2><small><strong>Skin Care | Skin Whitening | Facial Kits | Skin Care Products at Best Prices</strong></small></h2>
Skin has to deal with numerous harsh situations like UV rays and pollution. So we definitely need something to protect our skin too from all the problems it faces. Theskinfit.com has brought many skin care products for all your issues.  Our skin care products are divided into some major subcategories which are as follows:

<h3><a href=""https://www.theskinfit.com/sub-category/skin-whitening"">Skin Whitening</a></h3>
Once in a lifetime we all face a time where we regret excessive tanning of our skin or we desire to get a little fairer skin. There is nothing wrong with dark skin complexion but still sometimes we want to get a fair skin tone. Due to this desire we might end up using weird skin whitening creams which results in skin burning. To prevent any allergic reaction we have arranged some really good skin care products which are made up of natural ingredients. Our masks are made up of pure cotton mask that results in minimal to no irritation at all.

<h3><a href=""https://www.theskinfit.com/sub-category/spot--blemish"">Spot and Blemishes</a></h3>
Our world is full of pollution which leads to formation of spot and blemishes on our skin. These marks make our skin look dull and unattractive. These marks can be due to acne, dark spots, sun tanning or blemishes. We have many good reliable skin care products which gives you a fairer complexion by removing dark spots.

<h3><a href=""https://www.theskinfit.com/sub-category/moisturizers"">Moisturizer</a></h3>
Skin cells like all the other cells in our body needs proper hydration too. So to protect our skin from drying up and forming patches it is important to properly moisturize. This proper hydration can be attain by using proper moisturizers or by using sheet masks frequently. Visit our skin care products category where you will get numerous moisturizing creams and lotions.

<h3><a href=""https://www.theskinfit.com/sub-category/serums"">Serums</a></h3>
The organically extracted extracts of organic compounds are termed as serums. Some of these elements are really important for our skin like chamomile and hazel extract to calm the acne on the skin. Our masks also contain Mulberry root extract for brightening skin care and making it have a natural blush.

<h3><a href=""https://www.theskinfit.com/sub-category/cleanser-toners"">Cleanser and Toners</a></h3>
There are numerous small pores embedded in our skin, which helps in producing oil and sweat to keep our skin naturally hydrated. Due to excessive oil production these pores get enlarged and start accumulating dirt, sebum, keratin and dead cell. This mixture undergoes oxidation and turns into blackhead. Cleansing is a very important step in skin care routine as this clears out all the dirt particles on skin and makes it soft and bright naturally.

<h3><a href=""https://www.theskinfit.com/sub-category/exfoliators-masks"">Exfoliators and Masks</a></h3>
Our skin cells die all the time and are quickly replaced by new skin cells. These dead skin cells then accumulate on the epidermal surface of the skin and results in the dullness of skin. To stop all this it is important to properly exfoliate your skin regularly for this you can find many skin care products according to your skin type.

<h3><a href=""https://www.theskinfit.com/sub-category/night-routine"">Night Routine</a></h3>
During night time as our body tends to relax so does our skin so it is important to have a proper skin care routine before going to bed. Browse through our huge range of skin care products for night routine.

<h3><a href=""https://www.theskinfit.com/sub-category/day-cream-lotions"">Day Creams and Lotions</a></h3>
It is important to have a daily routine so that you can prep your skin for the tough day ahead.

<h3><a href=""https://www.theskinfit.com/sub-category/antiageing"">Anti-Aging</a></h3>
We all want to stay young forever but all those advertisements about anti-aging sounds too hard to be true. You don’t have to fear anymore as we know how not everyone wants to go under needles to make themselves look fresh and young forever.

<h3><a href=""https://www.theskinfit.com/sub-category/skincare-kits-sets"">Skin Care Kits and Sets</a></h3>
We also have some kits which can help in improving your face structure.

<h3><a href=""https://www.theskinfit.com/sub-category/lips-eyes"">Lip and Eye Care</a></h3>
We believe it is important to take care of eyes and lips which are the two most delicate parts on ones’ face. Theskinfit.com has the skin care products which are free from all harmful chemicals and is prepared from natural ingredients. Hazal extract and papaya extract is used for lip exfoliation. Peach extract helps to keep your lips healthy. It helps you to get the desired colour of lipstick by removing dead skin from your lips.

<h3><a href=""https://www.theskinfit.com/sub-category/soaps"">Soaps</a></h3>
Soaps are one product which needs to be carefully selected paying attention to all the ingredients present in them as this is one thing that can cause a lot of allergic reactions. Keeping that in mind we have carefully selected products with mild ingredients that have max efficiency. 

<h3><a href=""https://www.theskinfit.com/sub-category/makeup-remover"">Makeup Remover</a></h3>
Makeup removers are supposed to be effective and have to be mild enough that all skin types can use them without any allergic reactions. This is why our makeup remover has elements like rice water acting as a natural toner which ensures the radiant tone and tightening of the skin.

<h3><a href=""https://www.theskinfit.com/sub-category/men"">For Men</a></h3>
Along with women even men needs skin protection. Men have harder and tougher skin. So they cannot use skin care products which are meant for a female&#39;s skin which are for soft and delicate skin. Well theskinfit.com has a separate subcategory for men where you lads can find appropriate skin care products for yourself.

<h3><a href=""https://www.theskinfit.com/sub-category/sunscreen"">Sunscreen</a></h3>
It is important to protect our skin from harmful rays of sun, these rays can easily kill our skin cells so it’s important to protect our skin from it. This is why theskinfit.com has a couple of sunscreens.","yes","2","enable","5,6,7,8","1","2018-10-17 07:31:08",NULL,"2023-09-05 08:31:06"
"15","Haircare","hair-care","Hair_Treatment.jpg","<h1><strong><small>Hair Care Online in Pakistan at Best Prices</small></strong></h1>

<h2><strong><small>Hair Care Products and Hair Treatment Online in Pakistan</small></strong></h2>
Theskinfit.com is a place where you can find solutions to all hair problems. We want you to treat yourself like the queen that you are. After a successful range of skin care products; for hair care online we have made “hair care products” our priority too. Aren’t you tired of fake promises and no results already? And we are definitely sure you loved the new hair look of your favorite celebrity. Are we right? And you cannot try it yourself because you somewhere dread the idea of trying that crazy look on yourself, due to the obvious fear of destroying your hair. Well now you can enjoy all the crazy looks and still provide essential care to your dear hair.<br>
 <br>
Be it thin hair, split ends, frizzy hair or weak hair we got your back ladies! We know how much you love your hair and so do we. That’s why we decided to bring some amazing hair care online remedies and treatments right at your fingertips. Hair care online portion of our website is divided into three main sub categories to make your search for your hair care routine soulmate easier.
<h3><a href=""https://www.theskinfit.com/sub-category/daily-care-treatments""><strong>Daily Care Treatment</strong></a></h3>
In this category you’ll find remarkable lotions and oils to make your hair shine like a diamond. The silky soft hair that you always wanted is now just one click away from you at our hair care online catalog. We have an amazing range of products that can be used for all kinds of hair. For example we have Missha Procure Daily repair hair lotion that comes in a 200 ml container in very affordable prices, it provides you with silky soft hair without making them look greasy at all.<br>
<br>
It provides the nourishment your scalp desires. Also our collection has this amazing 100% cold pressed virgin marula oil by The Ordinary that will provide your hair with essential fatty acids, vitamins, anti oxidants for your hair. It will give life to dull and rough hair suffering from split ends in lowest prices in Pakistan.
<h3><a href=""https://www.theskinfit.com/sub-category/hair-silky""><strong>Hair Silky</strong></a></h3>
We also know the value of healthy and shiny hair. Everyone including me dreams of shiny, smooth and healthy hair and have struggled throughout our lives to find a perfect product to fulfill our desire for amazing hair that flows like wind. To achieve that type of amazing hair we offer, The Ordinance Plant derived squalane in a 30 ml bottles which is a natural hydrator that provides you with complete heat protection, proves to be the best substitute for heat protection sprays.<br>
<br>
This is completely environment friendly and ecofriendly solution in the best prices. Along with that we have Missha Procure silky hair coated essences that fight against harmful UV Rays, gives silky smoothness and prevents split ends in reasonable rates. Here we positively inviting you at our hair care online showcase to see price ranges that are very affordable.
<h3><a href=""https://www.theskinfit.com/sub-category/extra-volume""><strong>Extra Volume</strong></a></h3>
Our collection also includes Missha extra volume hair serum comes in a 100 ml container in Rs. 1500 and The Ordinary Multi-Peptide Serum for Hair Density in Rs. 4100 which prevents hair loss and make cuticles stronger which results in regenerative properties and encourages the regrowth of new hair, making them healthier than they ever were. Our hair care online products will give you a well nourished scalp that will make hair stronger from roots to shoot, promoting hair growth.<br>
<br>
Look! You don’t need to wander around for your essential beauty products, here we are; Our skin care products and hair care products will provide you confidence from head to toe. Just go with Hair flips!
<h3><strong>Be Confident To Visit Us Online</strong></h3>
We confidently inviting you to visit our catalog for making your best choice for the; we are the reliable importer of all genuine brands related to beauty products. Needs affirmation! see our hair care online products range and brands. We guarantee our customers to one’s visit us and then you will never go anywhere as we would be their perfect store with respect to all terms from products to pricing, from ordering to customer service and product delivery. Hence we are going to be the foremost choice for those looking hair care online!","yes","3","enable","5,6,7,8","1","2018-10-20 10:22:48","1","2023-09-05 08:40:08"
"18","Wellness","wellness",,"<h1><strong><small>Beauty Supplements Online in Pakistan</small></strong></h1>

<h2><small>Protein Supplements Price in Pakistan | Best Beauty Supplements Online</small></h2>
 We know how many struggles you deal with in every day of your life but is your body bound to suffer too? We, the team of theskinfit.com does not believe that. We believe your body deserves a boost to reach peak of health and beauty. In life we know things will work out eventually, but sometimes it takes too long and we somewhere know that during this time we can use a little push or a little self-care. In this situation our supplements online in Pakistan come in really handy. As they give you this push and make you confident enough to break all walls.

<h3><br>
<small>Our Supplements</small></h3>
Our supplements online are organic and naturally extracted. The ingredients are carefully combined and brought to you in the form of sachets and capsules. All to provide you with solutions to your specific problems. Acne, scars, blemishes and dry skin are some things that decrease our confidence and make our performance very low in comparison to our own passion. Our supplements online are divided into five categories to make it easier for you to find what you need.

<h4><br>
<strong>1. <a href=""https://www.theskinfit.com/sub-category/beauty-supplement"">Beauty Supplements Online</a></strong></h4>
Our idea is to first let you know that you are beautiful the way you are but don’t we all want a way to stay young and fresh forever? Who wouldn’t want that? And I am sure you have started laughing at those Anti-aging creams because those are really hard to believe sometimes. We bring you promising solutions. For example our AG Factor – Beauty Skin Supplements online by one care wellness which whitens your skin tone, reduces fine lines and provides you with a younger looking skin.

<h4><br>
<strong>2. <a href=""https://www.theskinfit.com/sub-category/acne--scars"">Acne and Scar</a></strong></h4>
Some acne, blemishes and scars aren’t really good for you. They eat up your skin’s freshness and cause your glow to fade away. Acne after puberty itself is sometimes a sign of unhealthy skin, and can lead to several other skin issues. Along with that, to feel beautiful and confident we need a clear, glowing and breathing skin. So theskinfit brought you some marvelous and miraculous products, such as Praventac – Acne, blemishes and scar treatment by One care wellness at affordable prices in Pakistan, that contains bovine milk, that stimulates your immune system and boosts up it’s natural workout.

<h4><br>
<strong>3. <a href=""https://www.theskinfit.com/sub-category/skin-hydrate--moisturize"">Skin Hydrate</a></strong></h4>
Do you know that all the cells in our body require water to carry out all the metabolic processes? Just like all the internal organ cells, our skin cells require proper hydration as well. TheSkinfit brings you some amazing products like Cera 5 by One care wellness. Cera 5 provides your skin hydration to get rid of dry and patchy looking skin. It also gives you protection from harmless ultraviolet radiation of the sun and manages to give you a professional look without any makeup on. We are sure our beauty supplements really worth your money.

<h4><br>
<strong>4. <a href=""https://www.theskinfit.com/sub-category/female-health"">Female Health</a></strong></h4>
Men are the walls of society which provide protection but women on the other hand are pillars and roof of this society who provide support and shelter. Strong women makes strong society. Do you know what a strong and smart woman does? She takes care of her health first so that she can nurture her family. Provide the care and love to your body that it deserves. For our strong and smart women we have our soothing and healing theskinfit supplements online, which will provide all solutions to your female problems and hormonal issues. And guess what? Our Lafemina is now 19% off.

<h4><br>
<strong>5. <a href=""https://www.theskinfit.com/sub-category/weight-loss"">Weight Loss</a></strong></h4>
Hey, are you tired of those torturous workouts and those fake promises of diet plans? Also not being able to eat your favorite food? Ordering just a plate of salad even though you are dying to try their new cheese sauce recipe? Still you think having your goal weight is just a dream now. Well don’t you worry! We have got your back. We have got all the solutions you need. For example our Superfit – weight loss supplements online come in a set of 90 packets and provides you with a one month course. We believe in delivering results so try our products and save yourself from all the struggles.

<h5><br>
<u><em>Why TheSkinfit for Supplements Online?</em></u></h5>
We don’t do fake promises, we are here to spread health, beauty and care. Be beautiful and feel beautiful. Do check our showcased range and see protein supplements price in Pakistan. We are making original beauty supplements available is best prices. Feel free to visit us and place an order now.","yes","0","disable","5,6","1","2018-11-19 07:34:44","1","2023-09-25 13:36:02"
"27","Makeup","makeup","Makeup_Foundations.jpg","<h1><small>Buy Makeup Online in Pakistan from TheSkinfit.com at The Best Prices</small></h1>

<h2><small>Online Cosmetics Store for Seamless Makeup Shopping - TheSkinfit.com</small></h2>

<h3><strong><small>TheSkinfit is The One Stop Solution for All Your Good Looks</small></strong></h3>

<p>Hello girls and women out there! Are you really the true enthusiast of original makeup & cosmetics products those always love to have trendy colors of lipsticks, eyeshoadows, eyeliners etc. Then TheSkinfit.com is here the one right place for you to get it all. TheSkinfit.com always come up with updated stocks to give you seamless experience of online shopping. So we can confidently say that for makeup online in Pakistan do visit us and get the best of online cosmetics shopping. Our updated shelves of stocks offering you wide range of original branded makeup products from mascara to eyeliners, eye shadows to foundations and much more. TheSkinfit.com is the city of makeup where no any thing go out of stock.</p>

<h3><strong><small>Online Cosmetics Shopping Made Easy By TheSkinfit</small></strong></h3>

<p>We understand the struggles of being a fierce makeup fan. To cater to your inner beauty diva, we have brought makeup online. We make it convenient for you to buy makeup online by putting our products just a click away. Makeup city has become a well-known retail beauty brand since its launch in 2002. You can&#39;t only buy cosmetics here but get your hands on internationally recognized skin and hair care brands.</p>
 

<p>In Pakistan, buying original makeup brands in not that much easy few years ago but now it is no more! TheSkinfit.com has changed the whole paradigm in makeup industry. Now instead of visiting stores and shop to shop you can buy makeup online in Pakistan from one platform where you have all of your beauty needs. TheSkinfit.com has rapidly raising its existience as the most reliable online cosmetics shopping store. Dear girls and women we understand the encounters of having love for makeup products and getting it easily! That is why we are making it very handy for you to buy makeup online in Pakistan; and now original branded makeup products are only a click away from you. Then why are you waiting for your love! just go and grab it from our beauty shelves.</p>

<h3><strong><small>Shop Makeup Online in Pakistan With Cash on Delivery</small></strong></h3>

<p>What ever your beauty need is, just keep in your mind and come to us! Just name it on our website search and you will get the extent of it. We have huge range of makeup items for girls and women for their beautifying needs. Yes TheSkinfit.com is the perfect place to find out what is new and what new is coming next. All along this we are offring very nominal prices for original brands even making them affordable for you and one more thing is the cash on delivery option; Is not is amazing! Getting your love beauty needs in such rates and even with your favorite option! Yes we know it is sublime for you that is why we are getting fame in online cosmetics shopping.</p>

<h3><strong><small>Our Hot Selling Online Makeup Brands</small></strong></h3>

<p>Dear girls; here we are jotting down some of our hot selling makeup brands from our huge product line just to head you what is hot these days for makeup online in Pakistan, these hot selling brands include Essence, Rimmel, Huda Beauty, Bourjois Paris, Bite Beauty, Pixi By Petra and Dior.</p>

<h3><strong><small>Our Hot Selling Products</small></strong></h3>

<p>Here we are mentioning some of our hot selling makeup products these are the following;</p>

<ul>
 <li><a href=""https://theskinfit.com/product/essence-shine-last--go-gel-nail-polish-52"">Essence Shine Last Go! Gel Nail Polish 52</a></li>
 <li><a href=""https://theskinfit.com/product/essence-get-big-lashes-volume-boost-mascara"">Essence Get Big Lashes Volume Boost Mascara</a></li>
 <li><a href=""https://theskinfit.com/product/essence-soft-touch-mousse-makeup-02"">Essence Soft Touch Mousse Make-Up 02</a></li>
 <li><a href=""https://theskinfit.com/product/lasting-finish-matte-foundation--085-fair-beige"">Lasting Finish Matte Foundation - 085 Fair Beige</a></li>
 <li><a href=""https://theskinfit.com/product/rml--provocalips--220-lazy-daze"">RML - Provocalips - 220 Lazy Daze</a></li>
</ul>

<h3><strong><small>Rapid Delivery at Your Doorstep</small></strong></h3>

<p>TheSkinfit.com along nominal prices and cash on delivery option; also favor you in delivering the product at your doorstep. We are leading the industry for our instant order processing and rapid delivery to customers. So if you are with us then just stay back, sit calm and see how we will do things the best for you with respect to online makeup & cosmetics shopping in Pakistan.</p>
","yes","1","enable","5,6,8","1","2021-03-10 10:52:13","1","2023-09-05 06:32:13"
"30","Essential Oil","essential-oil",,"<h1><strong><small>Essential Oils in Pakistan at Best Prices</small></strong></h1>  <h2><small>Buy Essential Oils Online | Hair Oil | Lavender Oil</small></h2> The skinfit.com is a place where you can find every health and beauty related product for your body. Be it hair or skin we have an amazing collection of products that will provide you all the solutions you’ve been looking for. Like if you are in need of hair oil or lavender oil we have the best collections of essential oils in Pakistan.<br> <br> Let’s start from what exactly are essential oils in Pakistan? These are essence extracted from plants and contains the scent, flavor, and qualities of a plant in them. These essences are used in aromatherapy i.e they are diffused in the air and inhaled or they are diluted and massaged on skin. Aromatherapy is a therapeutic process to provide internal healing, natural calmness, and mental relaxation.<br> <br> Essential oils play a vital role as they usually get absorbed in your limbic system which controls your emotions, behaviors, reactions and long term memory. In our generation, the most dangerous thing that we have to deal with is depression and anxiety which leads to loss of memory. In this regard, the team of theskinfit.com has divided some very important essential oils and brought them to you. <h3><a href=""https://www.theskinfit.com/sub-category/diffuser--humidifier-"">Diffusers and Humidifiers</a></h3> In this category, we have some important types of skin caring products that are specially designed to diffuse light aroma in your environment. This aroma leads to muscle relaxation. After a long day, we all deserve our own personal spa treatment, that’s exactly why we have brought you this easy to use aromatherapy. For example, our Radha Beauty Aromatherapy Essential Oil Diffuser provides a beautiful fragrance in any space of your room.  <h3><a href=""https://www.theskinfit.com/sub-category/pure-essential-oils"">Pure Essential Oil</a></h3> In this category, we have arranged all of our essences which are directly extracted from plants. Plants such as Lavender, peppermint, tea tree, lemongrass, and orange. Lavender oil is important for providing a light scent that is really good for all the relaxation and calmness you deserve. Mental health is exactly as important as physical health.<br> <br> The scent of peppermint is famous for giving a soothing and calming effect on one&#39;s soul, and the tea tree is proven to be the best natural antiseptic agent. Our promising product collection of essential oils in Pakistan can be purchased in a bundle form like the Radha Beauty Pure Essential Oil set that contains 8 bottles each of 10 ml, or in individual containers.<br> <br> These oils act as an agent to improve your respiratory system, they induce a balance between your mental thoughts and peace of soul, along with that it forms a relaxing relationship between your mind and soul, the mental relaxation leads to the release of oxytocin which is a happy hormone. That brings out the light and happiness from within you. <h3><a href=""https://www.theskinfit.com/sub-category/blend-essential-oils"">Blend Essential Oils in Pakistan</a></h3> In this category, we have some blended oil treatments. Theskinfit essential oil blend which is used for massages, aromatherapy, and body oil treatments. They are used as vaporizers, home care, and perfumes. They increase mental and physical stamina along with releasing mental stress. These blends contain cinnamon, lemon, clove, eucalyptus and rosemary that lead to the strengthening of stamina.<br> <br> The blend of orange and grapefruit helps in hypertension and anxiety. Our blended essential oils are combinations of natural ingredients like oranges, clove buds, lemon, vanilla seeds, and cinnamon leaves. These blends can also be purchased in a pack like our Radha Beauty Aromatherapy Essential oil blend set or in individual packaging. <h4><u><em><strong>Original Essential Oils in Pakistan</strong></em></u></h4> We Theskinfit.com are the 100% original essential oil store in Pakistan. We are providing all original brands and making them available in the country at the best prices online; such prices that are very economical and affordable. Do visit us and see our catalog for the best collections.","no","0","disable",,"1","2022-03-24 00:36:31","1","2022-08-19 17:03:14"
"31","Fashion","fashion",,,"no","0","enable",,"1","2022-06-20 20:20:24",NULL,"2022-08-10 01:40:42"
"32","Fragrance","fragrance","Perfume.jpg","<h1><small><strong>Buy Fragrance for Men and Women Online in Pakistan from TheSkinFit.com</strong></small></h1>

<h2><small><strong>Perfumes for Men and Women are Available on TheSkinFit at the Best Prices Online</strong></small></h2>
There is the famous quote ""The first impression is the last impression"", and a good first impression would be evident through your body language and verbal cues. While a pleasing fragrance from your body can speak volumes about your personality, it can influence people before you begin a conversation. Choosing the right perfume or cologne can go a long way toward creating a memorable impression.<br>
<br>
Since TheSkinFit offers fragrances from international brands from all over the world, right at your fingertips, it&#39;s the best online shop of fragrance for men and women in Pakistan. But how do you pick the right fragrance? Let us find it out for you.
<h3><small><strong>The Right Fragrance for You</strong></small></h3>
Perfume is a reflection of your persona, your personal style, as well as an extension of your personality. It&#39;s what inspires treasured memories when people think about you! So, let us reveal the secret of picking the perfect perfume for you.<br>
<br>
Keeping these questions in mind will help you make a more informed decision;<br>
<br>
1. Which are your favorite scents? Would you like to smell the scent of woody forests, musk, and warm earthy tones? Do you prefer fruity, citrusy flavors?<br>
2. What type of person you are? Do you like to take risks and present yourself as aloof, mysterious, or even dangerous? Would you like to be a source of comfort and warmth?<br>
3. What kind of schedule do you have? Is your job sedentary and do you spend most of your time at a desk? Have you been to a lot of parties, or do you travel a lot?<br>
<br>
No matter what type of person you are, whether an introvert or an extrovert, we are here to help you choose a fragrance that fits your personality. As one of the leading shop of fragrance for men and women online in Pakistan, we always make sure to provide the best to our customers. Whether you are looking perfumes for men or women; we have all in our catalogs.
<h3><small><strong>Perfumes for Women</strong></small></h3>
It&#39;s time to start choosing options once you&#39;ve noted your preferences. We have compiled a list of the best perfumes for women available on TheSkinFit.<br>
<br>
1. &#39;Chance&#39; Spray for Women from Chanel - With grapefruit, jasmine, and crisp white musk notes, this perfume is one of the best for women.<br>
2. Victoria’s Secret- It&#39;s a true ladies&#39; perfume that&#39;s feminine without being overpowering thanks to the combination of musk and vanilla.
<h3><small><strong>Perfumes for Men</strong></small></h3>
The same amazing options we listed for women deserve to be listed for men as well. Our spectacular list of men&#39;s perfumes is below;<br>
<br>
1. Dior Fahrenheit - One of the season&#39;s most popular perfumes for men, it consists of masculine bergamot, pepper, and breeze sunshine. You&#39;ll love it on spring nights.<br>
2. The Nishane - This one evokes images of the ocean, sun, and vacation vibes due to its lightness and power. With its clean, fresh, and intoxicating scent, it is infused with Italian bergamot, Sicilian lemon, and yellow mandarin.
<h3><small><strong>One Stop Shop of Fragrance and Perfumes for Men and Women Online in Pakistan</strong></small></h3>
Do you want to switch up your favorite fragrance? Or maybe you want to try a new perfume now and then because you deserve to indulge yourself? Whatever your reason for buying perfume online, Theskinfit is the place to go. Among our many renowned perfume brands such as <a href=""https://www.theskinfit.com/brand/dior"">Dior</a>, <a href=""https://www.theskinfit.com/brand/clinique"">Clinique</a>, <a href=""https://www.theskinfit.com/brand/victorias-secret"">Victoria&#39;s Secret</a>, <a href=""https://www.theskinfit.com/brand/chanel"">Chanel</a>, <a href=""https://www.theskinfit.com/brand/giorgio-armani"">Giorgio Armani</a>, <a href=""https://www.theskinfit.com/brand/dolce-gabbana"">Dolce & Gabbana</a>, <a href=""https://www.theskinfit.com/brand/adidas"">Adidas</a>, and <a href=""https://www.theskinfit.com/brand/nishane"">Nishane</a>, you can pick the one that best suits your personality and taste of interest.<br>
<br>
Are you still confused? Why waste your time when we are here to serve you. Feel free to contact us we&#39;ll help you choose the best fragrance for you. Our staff is available 24 hours a day, 7 days a week to help you get the best.","yes","5","enable","5,6,7,8","1","2022-07-08 07:56:03",NULL,"2023-09-05 06:33:54"
"33","Mini","mini",,,"yes","4","enable","5,6,7","1","2022-08-17 10:54:50","1","2023-09-05 06:33:56"
"34","Electronics","electronics",,,"yes","6","enable","8","1","2023-05-23 09:17:32",NULL,"2023-09-05 06:33:50"
"35","Personal Care","personal-care",,,"yes","7","enable","7","1","2023-09-25 13:34:12","1","2023-10-18 14:03:03"
